Workbook

Sheet 申请名单
A1: 业务城市 | B1: 团队名称 | C1: 骑手ID | D1: 骑手姓名 | E1: 开始日期 | F1: 结束日期 | G1: 薪资方案 | H1: 结算类型 | I1: 防重拦截 | J1: 跨站合并

Sheet 配送所得表
A1: xx兼职
A2: 配送所得 | L2: 平台扣款 | S2: 应结算费用 | V2: 其他费用 | AI2: 最终结算费用 | AN2: 发薪绑定情况
A3: 团队ID | B3: 团队名称 | C3: 骑手ID | D3: 骑手姓名 | E3: 完成单 | F3: 完成单-不准时 | G3: 总单量 | H3: 不准时单剔除 | I3: 餐损 | J3: 不计提成单 | K3: 配送所得 | L3: 安全基金 | M3: 非蜂卡 | N3: 违规扣款 | O3: 投诉 | P3: 违规虚假 | Q3: 物流责 | R3: 差评 | S3: 补发 | T3: 应结费用 | U3: 工具费 | V3: 住宿扣款 | W3: 物资扣款 | X3: 装备未绑 | Y3: 站点处罚 | Z3: 月预支 | AA3: 周预支 | AB3: 备用金销账 | AC3: 电动车扣款 | AD3: 电池扣款 | AE3: 站点代扣 | AF3: 餐费 | AG3: 补扣 | AH3: 代领费率 | AI3: 结算费用（税前） | AJ3: 备注 | AK3: 薪资方案 | AL3: 雷神单价 | AM3: 上期单价 | AN3: 骑手ID | AO3: 骑手姓名 | AP3: 骑手身份证 | AQ3: 骑手手机号 | AR3: 风神绑定 | AS3: 发薪平台绑定 | AT3: 绑定情况 | AU3: 骑手账户状态 | AV3: 收款人ID | AW3: 收款人姓名 | AX3: 收款人身份证号码 | AY3: 收款人手机号码 | AZ3: 预扣个税 | BA3: 实发费用（税后）
A4: =_xlfn.XLOOKUP(B4,配送单!C:C,配送单!B:B) -> 0 | E4: =COUNTIFS(配送单!C:C,B4,配送单!N:N,"完成单",配送单!D:D,C4,配送单!O:O,"否") -> 0 | F4: =COUNTIFS(配送单!C:C,B4,配送单!N:N,"完成单-不准时",配送单!D:D,C4,配送单!O:O,"否") -> 0 | G4: =COUNTIFS(配送单!C:C,B4,配送单!D:D,C4,配送单!O:O,"否") -> 0 | H4: =COUNTIFS(问题单!A:A,"不准时单",问题单!J:J,"是",问题单!D:D,C4,问题单!F:F,B4) -> 0 | K4: =SUM((G4-I4-J4)*AK4,F4*-3,H4*3) -> #N/A | L4: =-ABS(SUMIFS(安全基金!E:E,安全基金!B:B,C4,安全基金!A:A,B4)) -> 0 | M4: =-ABS(SUM(SUMIFS(安全基金!F:F,安全基金!B:B,$C:$C,安全基金!A:A,$B:$B),SUMIFS(安全基金!G:G,安全基金!B:B,$C:$C,安全基金!A:A,$B:$B))) -> 0 | N4: =SUMIFS(违规索赔!O:O,违规索赔!B:B,配送所得表!B4,违规索赔!C:C,配送所得表!C4,违规索赔!M:M,"<>*是*") -> 0 | O4: =-ABS(SUMIFS(问题单!$L:$L, 问题单!$D:$D, C4, 问题单!$A:$A, O$3,问题单!F:F,配送所得表!B4,问题单!J:J,"<>*是*")) -> 0 | P4: =-ABS(SUMIFS(问题单!$L:$L, 问题单!$D:$D,C4, 问题单!$A:$A, P$3,问题单!F:F,配送所得表!B4,问题单!J:J,"<>*是*")) -> 0 | Q4: =-ABS(SUMIFS(问题单!$L:$L, 问题单!$D:$D, C4, 问题单!$A:$A, Q$3,问题单!F:F,配送所得表!B4,问题单!J:J,"<>*是*")) -> 0 | R4: =-ABS(SUMIFS(问题单!$L:$L, 问题单!$D:$D, C4, 问题单!$A:$A, R$3,问题单!F:F,配送所得表!B4,问题单!J:J,"<>*是*")) -> 0 | T4: =SUM(K4:S4) -> #N/A | U4: =MIN(0, -ROUND(T4 * IF(AND(AK4<=7, OR(COUNTIF(B4,"*福永*"), COUNTIF(B4,"*桥头*"), COUNTIF(B4,"*新沙*"), COUNTIF(B4,"*新桥*"), COUNTIF(B4,"*松岗*"))), 0, 1) * 5%, 0)) -> #N/A | AH4: =IF(COUNTIFS(AJ4,"*代发*"),MIN(0,-ROUND(SUM(T4:AG4)*3%,0)),"") | AI4: =SUM(T4:AH4) -> #N/A | AK4: =INDEX(申请名单!$A:$J,MATCH($C4,申请名单!$C:$C,0),MATCH(AK$3,申请名单!$1:$1,0)) -> #N/A | AN4: =INDEX(骑手支付绑定!$A:$M,MATCH($C4,骑手支付绑定!$C:$C,0),MATCH(配送所得表!AN$3,骑手支付绑定!$1:$1,0)) -> #N/A | AO4: =INDEX(骑手支付绑定!$A:$M,MATCH($C4,骑手支付绑定!$C:$C,0),MATCH(配送所得表!AO$3,骑手支付绑定!$1:$1,0)) -> #N/A | AP4: =INDEX(骑手支付绑定!$A:$M,MATCH($C4,骑手支付绑定!$C:$C,0),MATCH(配送所得表!AP$3,骑手支付绑定!$1:$1,0)) -> #N/A | AQ4: =INDEX(骑手支付绑定!$A:$M,MATCH($C4,骑手支付绑定!$C:$C,0),MATCH(配送所得表!AQ$3,骑手支付绑定!$1:$1,0)) -> #N/A | AR4: =INDEX(骑手支付绑定!$A:$M,MATCH($C4,骑手支付绑定!$C:$C,0),MATCH(配送所得表!AR$3,骑手支付绑定!$1:$1,0)) -> #N/A | AS4: =INDEX(骑手支付绑定!$A:$M,MATCH($C4,骑手支付绑定!$C:$C,0),MATCH(配送所得表!AS$3,骑手支付绑定!$1:$1,0)) -> #N/A | AT4: =INDEX(骑手支付绑定!$A:$M,MATCH($C4,骑手支付绑定!$C:$C,0),MATCH(配送所得表!AT$3,骑手支付绑定!$1:$1,0)) -> #N/A | AU4: =IF(COUNTIFS(配送所得表!AT4,"*代发*"),"黑户","正常") -> 正常 | AV4: =INDEX(骑手支付绑定!$A:$M,MATCH($C4,骑手支付绑定!$C:$C,0),MATCH(配送所得表!AV$3,骑手支付绑定!$1:$1,0)) -> #N/A | AW4: =INDEX(骑手支付绑定!$A:$M,MATCH($C4,骑手支付绑定!$C:$C,0),MATCH(配送所得表!AW$3,骑手支付绑定!$1:$1,0)) -> #N/A | AX4: =INDEX(骑手支付绑定!$A:$M,MATCH($C4,骑手支付绑定!$C:$C,0),MATCH(配送所得表!AX$3,骑手支付绑定!$1:$1,0)) -> #N/A | AY4: =INDEX(骑手支付绑定!$A:$M,MATCH($C4,骑手支付绑定!$C:$C,0),MATCH(配送所得表!AY$3,骑手支付绑定!$1:$1,0)) -> #N/A | AZ4: =-ABS(IFERROR(_xlfn.XLOOKUP(AX4,'个税(预扣)'!E:E,'个税(预扣)'!K:K),0)) -> 0 | BA4: =SUM(AI4,AZ4) -> #N/A
A5: 合计 | E5: =SUBTOTAL(9,E$4:OFFSET(E$3,ROW()-4,,,)) -> 0 | F5: =SUBTOTAL(9,F$4:OFFSET(F$3,ROW()-4,,,)) -> 0 | G5: =SUBTOTAL(9,G$4:OFFSET(G$3,ROW()-4,,,)) -> 0 | H5: =SUBTOTAL(9,H$4:OFFSET(H$3,ROW()-4,,,)) -> 0 | I5: =SUBTOTAL(9,I$4:OFFSET(I$3,ROW()-4,,,)) -> 0 | K5: =SUBTOTAL(9,K$4:OFFSET(K$3,ROW()-4,,,)) -> #N/A | L5: =SUBTOTAL(9,L$4:OFFSET(L$3,ROW()-4,,,)) -> 0 | M5: =SUBTOTAL(9,M$4:OFFSET(M$3,ROW()-4,,,)) -> 0 | N5: =SUBTOTAL(9,N$4:OFFSET(N$3,ROW()-4,,,)) -> 0 | O5: =SUBTOTAL(9,O$4:OFFSET(O$3,ROW()-4,,,)) -> 0 | P5: =SUBTOTAL(9,P$4:OFFSET(P$3,ROW()-4,,,)) -> 0 | Q5: =SUBTOTAL(9,Q$4:OFFSET(Q$3,ROW()-4,,,)) -> 0 | R5: =SUBTOTAL(9,R$4:OFFSET(R$3,ROW()-4,,,)) -> 0 | ... AI5: =SUBTOTAL(9,AI$4:OFFSET(AI$3,ROW()-4,,,)) -> #N/A

Sheet 日单量

Sheet 问题单

Sheet 违规索赔

Sheet 配送单

Sheet 骑手支付绑定

Sheet 安全基金

Sheet 个税(预扣)
